{
  "data": [
    {
      "Customer_ID": 0,
      "Prediction": 1,
      "Raw_Features_importance": [
        0.012246295240323793, -0.09743235388926551, -0.23184421713671918,
        -0.0002916960458505054, 0.07502461383381165, -0.004017585723344593,
        -0.019812749112489873, -0.005345732926493231, -0.07081263584935833,
        0.3114603512156369, 0.03558438398350379, 0.6670509274457999,
        0.5749474411067166, 0.6871249909937263, 1.2687077931638806,
        3.113709307764275, 1.0922803685937625, -0.019773511694824664
      ],
      "Customer_Age": 0,
      "Gender": "example_value",
      "Dependent_count": 0,
      "Education_Level": "example_value",
      "Marital_Status": "example_value",
      "Income_Category": "example_value",
      "Card_Category": "example_value",
      "Months_on_book": 0,
      "Total_Relationship_Count": 0,
      "Months_Inactive_12_mon": 0,
      "Credit_Limit": 0,
      "Total_Revolving_Bal": 0,
      "Avg_Open_To_Buy": 0,
      "Total_Amt_Chng_Q4_Q1": 0,
      "Total_Trans_Amt": 0,
      "Total_Trans_Ct": 0,
      "Total_Ct_Chng_Q4_Q1": 0,
      "Avg_Utilization_Ratio": 0
    },
    {
      "Customer_ID": 1,
      "Prediction": 1,
      "Raw_Features_importance": [
        0.012246295240323793, -0.09743235388926551, -0.23184421713671918,
        -0.0002916960458505054, 0.07502461383381165, -0.004017585723344593,
        -0.019812749112489873, -0.005345732926493231, -0.07081263584935833,
        0.3114603512156369, 0.03558438398350379, 0.6670509274457999,
        0.5749474411067166, 0.6871249909937263, 1.2687077931638806,
        3.113709307764275, 1.0922803685937625, -0.019773511694824664
      ],
      "Customer_Age": 0,
      "Gender": "example_value",
      "Dependent_count": 0,
      "Education_Level": "example_value",
      "Marital_Status": "example_value",
      "Income_Category": "example_value",
      "Card_Category": "example_value",
      "Months_on_book": 0,
      "Total_Relationship_Count": 0,
      "Months_Inactive_12_mon": 0,
      "Credit_Limit": 0,
      "Total_Revolving_Bal": 0,
      "Avg_Open_To_Buy": 0,
      "Total_Amt_Chng_Q4_Q1": 0,
      "Total_Trans_Amt": 0,
      "Total_Trans_Ct": 0,
      "Total_Ct_Chng_Q4_Q1": 0,
      "Avg_Utilization_Ratio": 0
    },
    {
      "Customer_ID": 2,
      "Prediction": 1,
      "Raw_Features_importance": [
        0.012246295240323793, -0.09743235388926551, -0.23184421713671918,
        -0.0002916960458505054, 0.07502461383381165, -0.004017585723344593,
        -0.019812749112489873, -0.005345732926493231, -0.07081263584935833,
        0.3114603512156369, 0.03558438398350379, 0.6670509274457999,
        0.5749474411067166, 0.6871249909937263, 1.2687077931638806,
        3.113709307764275, 1.0922803685937625, -0.019773511694824664
      ],
      "Customer_Age": 0,
      "Gender": "example_value",
      "Dependent_count": 0,
      "Education_Level": "example_value",
      "Marital_Status": "example_value",
      "Income_Category": "example_value",
      "Card_Category": "example_value",
      "Months_on_book": 0,
      "Total_Relationship_Count": 0,
      "Months_Inactive_12_mon": 0,
      "Credit_Limit": 0,
      "Total_Revolving_Bal": 0,
      "Avg_Open_To_Buy": 0,
      "Total_Amt_Chng_Q4_Q1": 0,
      "Total_Trans_Amt": 0,
      "Total_Trans_Ct": 0,
      "Total_Ct_Chng_Q4_Q1": 0,
      "Avg_Utilization_Ratio": 0
    },
    {
      "Customer_ID": 3,
      "Prediction": 1,
      "Raw_Features_importance": [
        0.012246295240323793, -0.09743235388926551, -0.23184421713671918,
        -0.0002916960458505054, 0.07502461383381165, -0.004017585723344593,
        -0.019812749112489873, -0.005345732926493231, -0.07081263584935833,
        0.3114603512156369, 0.03558438398350379, 0.6670509274457999,
        0.5749474411067166, 0.6871249909937263, 1.2687077931638806,
        3.113709307764275, 1.0922803685937625, -0.019773511694824664
      ],
      "Customer_Age": 0,
      "Gender": "example_value",
      "Dependent_count": 0,
      "Education_Level": "example_value",
      "Marital_Status": "example_value",
      "Income_Category": "example_value",
      "Card_Category": "example_value",
      "Months_on_book": 0,
      "Total_Relationship_Count": 0,
      "Months_Inactive_12_mon": 0,
      "Credit_Limit": 0,
      "Total_Revolving_Bal": 0,
      "Avg_Open_To_Buy": 0,
      "Total_Amt_Chng_Q4_Q1": 0,
      "Total_Trans_Amt": 0,
      "Total_Trans_Ct": 0,
      "Total_Ct_Chng_Q4_Q1": 0,
      "Avg_Utilization_Ratio": 0
    }
  ]
}
